,country_name,iso3_code,continent_name,ohfa_factor,country_area,pop_density,emission_factor,climate_zone,m2_area,heating_demand_factor,estimated_floor_area,estimated_emissions
0,Aruba,ABW,North America,0.63,181938402.84,0.000624,199.4,1.0,123830473.491,2.0006e-05,6946245.460888073,17457.260553237356
1,Afghanistan,AFG,Asia,0.56,643857956774.23,4.889e-05,199.4,3.0,622801224751.389,5.2005e-05,2737206092.5187793,15895192.054886462
1,Afghanistan,AFG,Asia,0.56,643857956774.23,4.889e-05,199.4,2.0,19482732903.37,2.2628e-05,85626445.61803506,216355.16513078308
1,Afghanistan,AFG,Asia,0.56,643857956774.23,4.889e-05,199.4,5.0,1573999114.361,0.000159993,6917712.737588002,123588.10880447838
2,Angola,AGO,Africa,0.45,1247421952948.02,2.346e-05,199.4,1.0,1237889915972.13,2.0006e-05,2610646298.157548,4686471.366427538
2,Angola,AGO,Africa,0.45,1247421952948.02,2.346e-05,199.4,2.0,9410578329.976,2.2628e-05,19846426.700535953,40296.39196946296
3,Anguilla,AIA,North America,0.63,83303309.399,0.00014013,199.4,1.0,83303309.399,2.0006e-05,1049376.6099922385,2637.2867187399024
4,Åland Islands,ALA,Northern Europe,0.27,1506313422.2,1.919e-05,199.4,4.0,1074805734.37,0.00013328,1854141.832226977,13304.447819766749
4,Åland Islands,ALA,Northern Europe,0.27,1506313422.2,1.919e-05,199.4,5.0,1379090.861,0.000159993,2379.0625357249596,20.492538419956073
5,Albania,ALB,Europe,0.54,28735420527.182,9.973e-05,199.4,3.0,19043686300.184,5.2005e-05,170731965.75926977,956046.1462206725
5,Albania,ALB,Europe,0.54,28735420527.182,9.973e-05,199.4,4.0,8305078503.913,0.00013328,74457348.03688832,1068541.66659428
5,Albania,ALB,Europe,0.54,28735420527.182,9.973e-05,199.4,5.0,1386655748.416,0.000159993,12431756.017539928,214166.91153881408
6,Andorra,AND,Europe,0.54,451950754.378,0.00016417,199.4,2.0,451950754.378,2.2628e-05,6669955.195271759,16251.295995374425
7,Netherlands Antilles,ANT,,,,,,,,,,
8,United Arab Emirates,ARE,Asia,0.56,71204642681.968,0.00011687,199.4,3.0,7112816.216,5.2005e-05,74727.87526822355,433.9512221927674
8,United Arab Emirates,ARE,Asia,0.56,71204642681.968,0.00011687,199.4,1.0,71139844657.807,2.0006e-05,747401490.0358282,1669657.5467071151
9,Argentina,ARG,South America,0.56,2780096703222.92,1.616e-05,199.4,7.0,12857004525.852,0.000158663,18677517.67203088,330908.5576650833
9,Argentina,ARG,South America,0.56,2780096703222.92,1.616e-05,199.4,3.0,370537147343.505,5.2005e-05,538283556.1531085,3125859.0752176684
9,Argentina,ARG,South America,0.56,2780096703222.92,1.616e-05,199.4,1.0,202181757262.084,2.0006e-05,293711753.51395386,656137.3670631093
9,Argentina,ARG,South America,0.56,2780096703222.92,1.616e-05,199.4,10.0,8214213245.191,0.00024528,11932881.624206958,326829.0494751662
9,Argentina,ARG,South America,0.56,2780096703222.92,1.616e-05,199.4,4.0,257690573464.128,0.00013328,374350046.32022375,5571293.73371634
9,Argentina,ARG,South America,0.56,2780096703222.92,1.616e-05,199.4,2.0,1928560710736.49,2.2628e-05,2801642224.200604,7079001.839667928
10,Armenia,ARM,Asia,0.56,29690167661.991,9.944e-05,199.4,5.0,29690167661.991,0.000159993,265406630.5643652,4741611.104692318
11,American Samoa,ASM,Oceania,0.4,223404675.332,0.00028985,199.4,,,,,
12,Antarctica,ATA,Antarctica,0.0,,0.0,199.4,,,,,
13,French Southern Territories,ATF,Seven seas (open ocean),0.0,7867537012.16,0.0,199.4,,,,,
14,Antigua and Barbuda,ATG,North America,0.63,435809950.285,0.00023548,199.4,1.0,435809950.285,2.0006e-05,9225484.247293716,23185.42918496331
15,Australia,AUS,Oceania,0.4,7688039773787.52,3e-06,199.4,3.0,1640028194842.39,5.2005e-05,442293515.16256255,1834597.5866608785
15,Australia,AUS,Oceania,0.4,7688039773787.52,3e-06,199.4,1.0,2225065153579.46,2.0006e-05,600070103.2685378,957518.9982825919
15,Australia,AUS,Oceania,0.4,7688039773787.52,3e-06,199.4,2.0,3822034158043.74,2.2628e-05,1030751134.7358316,1860309.2133417593
16,Austria,AUT,Europe,0.54,83858236775.158,0.00010614,199.4,4.0,56560601742.807,0.00013328,539673517.6509188,7744885.564307428
16,Austria,AUT,Europe,0.54,83858236775.158,0.00010614,199.4,5.0,27297635017.463,0.000159993,260460643.2656748,4487061.318362399
17,Azerbaijan,AZE,Asia,0.56,86235460979.57,0.00011694,199.4,5.0,86235460979.57,0.000159993,906540020.797579,16195752.985980365
18,Burundi,BDI,Africa,0.45,26935284890.924,0.00040321,199.4,1.0,26935284890.924,2.0006e-05,976317043.1105357,1752624.1951358377
19,Belgium,BEL,Europe,0.54,30707463250.502,0.00037573,199.4,4.0,30707463250.502,0.00013328,1037188794.3256575,14884755.797541648
20,Benin,BEN,Africa,0.45,115423198902.094,0.00010418,199.4,1.0,115423198902.094,2.0006e-05,1080974532.718267,1940498.8714851271
21,"Bonaire, Sint Eustatius and Saba",BES,North America,0.63,323694202.708,0.00036746,199.4,1.0,309851564.388,2.0006e-05,10235328.049003012,25723.362297718162
22,Burkina Faso,BFA,Africa,0.45,273417332771.823,7.477e-05,199.4,1.0,273417332771.823,2.0006e-05,1837771134.2091565,3299053.4966749884
23,Bangladesh,BGD,Asia,0.56,139384445746.881,0.001185,199.4,1.0,123822636324.894,2.0006e-05,13190352430.147068,29466587.60028141
23,Bangladesh,BGD,Asia,0.56,139384445746.881,0.001185,199.4,2.0,15561809422.004,2.2628e-05,1657740109.71973,4188666.6273905416
24,Bulgaria,BGR,Europe,0.54,111587668462.297,6.262e-05,199.4,4.0,1215289057.022,0.00013328,6841174.266125852,98178.08375563407
24,Bulgaria,BGR,Europe,0.54,111587668462.297,6.262e-05,199.4,5.0,110372379403.13,0.000159993,621314474.3638575,10703636.870055044
25,Bahrain,BHR,Asia,0.56,715125475.904,0.00198291,199.4,3.0,715125475.904,5.2005e-05,127474481.90237775,740255.3200043855
26,Bahamas,BHS,North America,0.63,13388079453.059,2.775e-05,199.4,1.0,13091224393.998,2.0006e-05,32657373.80443469,82074.30714888626
27,Bosnia and Herzegovina,BIH,Europe,0.54,51068859708.894,6.857e-05,199.4,3.0,3210316684.002,5.2005e-05,19788825.918559615,110811.29812765295
27,Bosnia and Herzegovina,BIH,Europe,0.54,51068859708.894,6.857e-05,199.4,4.0,27660519127.491,0.00013328,170503178.25609472,2446900.8775752657
27,Bosnia and Herzegovina,BIH,Europe,0.54,51068859708.894,6.857e-05,199.4,5.0,20198023650.689,0.000159993,124503347.57135928,2144869.7503378177
28,Saint Barthélemy,BLM,North America,0.63,24707771.482,0.00047433,199.4,1.0,24707771.482,2.0006e-05,1053542.772563759,2647.757092401141
29,Belarus,BLR,Europe,0.54,207069815960.319,4.559e-05,199.4,5.0,207069815960.319,0.000159993,848641747.7793121,14619896.164979799
30,Belize,BLZ,North America,0.63,21989426376.134,1.779e-05,199.4,1.0,21989426376.134,2.0006e-05,35166395.10408724,88379.96375262755
31,Bermuda,BMU,North America,0.63,68062919.24,0.00122652,199.4,,,,,
32,Bolivia (Plurinational State of),BOL,South America,0.56,1083392375358.21,1.029e-05,199.4,1.0,1083392375358.21,2.0006e-05,1002164818.031912,2238786.079207753
33,Brazil,BRA,South America,0.56,8500364963903.8,2.5e-05,199.4,3.0,173064557139.343,5.2005e-05,388943167.60292214,2258626.547844397
33,Brazil,BRA,South America,0.56,8500364963903.8,2.5e-05,199.4,1.0,8011667538872.51,2.0006e-05,18005323573.223984,40222992.30831855
33,Brazil,BRA,South America,0.56,8500364963903.8,2.5e-05,199.4,2.0,314543636114.574,2.2628e-05,706901518.1499094,1786151.3880042634
34,Barbados,BRB,North America,0.63,434639638.925,0.0006675,199.4,1.0,392850245.152,2.0006e-05,23573078.43889403,59243.712976572824
35,Brunei Darussalam,BRN,Asia,0.56,5777801392.724,7.308e-05,199.4,1.0,5777801392.724,2.0006e-05,37957635.47053123,84795.4591520711
36,Bhutan,BTN,Asia,0.56,38763040744.877,2.187e-05,199.4,2.0,38763040744.877,2.2628e-05,76208712.31877707,192559.0676936909
37,Bouvet Island,BVT,Seven seas (open ocean),0.0,77573000.139,0.0,199.4,,,,,
38,Botswana,BWA,Africa,0.45,577883744500.567,3.96e-06,199.4,1.0,499851167294.643,2.0006e-05,177940128.29028067,319427.15363600664
38,Botswana,BWA,Africa,0.45,577883744500.567,3.96e-06,199.4,2.0,78032580565.275,2.2628e-05,27778523.498819694,56401.80411978884
39,Central African Republic,CAF,Africa,0.45,620199642292.99,7.61e-06,199.4,1.0,620199642292.99,2.0006e-05,424281573.6431588,761644.1367736309
40,Canada,CAN,North America,0.63,9955227065389.63,4e-06,199.4,7.0,3390373840.541,0.000158663,1219117.5479900292,24298.91868274816
40,Canada,CAN,North America,0.63,9955227065389.63,4e-06,199.4,6.0,1299192796660.02,0.000240838,467166398.4930155,14133909.738944532
40,Canada,CAN,North America,0.63,9955227065389.63,4e-06,199.4,8.0,757804111934.808,0.000230084,272492749.8412111,7876024.78180163
40,Canada,CAN,North America,0.63,9955227065389.63,4e-06,199.4,10.0,2127415467955.6,0.00024528,764980397.6886034,23571007.58492241
40,Canada,CAN,North America,0.63,9955227065389.63,4e-06,199.4,9.0,3050115259650.88,0.000385013,1096766672.739311,53046329.954998754
40,Canada,CAN,North America,0.63,9955227065389.63,4e-06,199.4,4.0,225950050120.452,0.00013328,81247580.36332497,1360320.1262647265
40,Canada,CAN,North America,0.63,9955227065389.63,4e-06,199.4,5.0,2460812976588.93,0.000159993,884864154.568403,17784566.66319693
41,Cocos (Keeling) Islands,CCK,Seven seas (open ocean),0.0,13709109.691,3.886e-05,199.4,,,,,
42,Switzerland,CHE,Europe,0.54,41245701488.076,0.00020798,199.4,4.0,41245701488.076,0.00013328,771148948.8370496,11066802.73617229
43,Chile,CHL,South America,0.56,757580334332.859,2.298e-05,199.4,7.0,58298523032.589,0.000158663,120433020.67403851,2133705.231406264
43,Chile,CHL,South America,0.56,757580334332.859,2.298e-05,199.4,3.0,371695366693.251,5.2005e-05,767847853.6478399,4458958.766759734
43,Chile,CHL,South America,0.56,757580334332.859,2.298e-05,199.4,1.0,152420678110.468,2.0006e-05,314870458.51517797,703404.8557620546
43,Chile,CHL,South America,0.56,757580334332.859,2.298e-05,199.4,10.0,26743131832.493,0.00024528,55245930.45128703,1513127.801430382
43,Chile,CHL,South America,0.56,757580334332.859,2.298e-05,199.4,4.0,94900567758.83,0.00013328,196045481.84673977,2917662.1594480504
43,Chile,CHL,South America,0.56,757580334332.859,2.298e-05,199.4,2.0,53319199939.028,2.2628e-05,110146740.85294718,278311.4040744159
44,China,CHN,Asia,0.56,9382250442817.79,0.000146,269.55,6.0,1741365216099.25,0.000240838,22854973586.174232,830870039.4119172
44,China,CHN,Asia,0.56,9382250442817.79,0.000146,269.55,3.0,157920146313.692,5.2005e-05,2072661575.7314453,16270498.536340201
44,China,CHN,Asia,0.56,9382250442817.79,0.000146,269.55,1.0,239806058278.693,2.0006e-05,3147393250.4757853,9504704.883754615
44,China,CHN,Asia,0.56,9382250442817.79,0.000146,269.55,9.0,8384093290.673,0.000385013,110039082.51457267,6395135.0118852975
44,China,CHN,Asia,0.56,9382250442817.79,0.000146,269.55,2.0,3677928588071.97,2.2628e-05,48271873099.95572,164879888.23126122
44,China,CHN,Asia,0.56,9382250442817.79,0.000146,269.55,5.0,3556575094741.66,0.000159993,46679139502.76865,1127330317.08698
45,Côte d'Ivoire,CIV,Africa,0.45,321658071510.367,7.997e-05,199.4,1.0,321658071510.367,2.0006e-05,2312381853.6989627,4151045.4147905535
46,Cameroon,CMR,Africa,0.45,466040044069.723,5.224e-05,199.4,1.0,466040044069.723,2.0006e-05,2188589975.62707,3928821.863331418
47,Democratic Republic of the Congo,COD,Africa,0.45,2329127671749.23,3.701e-05,199.4,1.0,2329127671749.23,2.0006e-05,7749084256.186502,13910678.558134144
48,Congo,COG,Africa,0.45,341732172426.457,1.579e-05,199.4,1.0,341732172426.457,2.0006e-05,485071769.72046876,870770.9508797355
49,Cook Islands,COK,Oceania,0.4,261314258.053,6.435e-05,199.4,,,,,
50,Colombia,COL,South America,0.56,1136758797396.22,4.1e-05,199.4,1.0,1136705282965.81,2.0006e-05,4189572767.1844277,9359296.016218489
51,Comoros,COM,Africa,0.45,1673149991.528,0.00046949,199.4,1.0,1673082588.965,2.0006e-05,70612522.94309185,126759.25004377475
52,Cabo Verde,CPV,Africa,0.45,4090952505.964,0.00013649,199.4,,,,,
53,Costa Rica,CRI,North America,0.63,51176763093.762,9.898e-05,199.4,1.0,51136691280.535,2.0006e-05,455006998.37280226,1143520.7363266612
54,Cuba,CUB,North America,0.63,110730653658.759,0.00010187,199.4,1.0,110522778181.553,2.0006e-05,1012129543.9699892,2543677.6258773957
55,Curaçao,CUW,North America,0.63,437711447.461,0.00035735,199.4,1.0,437711447.461,2.0006e-05,14061112.85999764,35338.30070469066
56,Christmas Island,CXR,Seven seas (open ocean),0.0,139610510.788,1.512e-05,199.4,,,,,
57,Cayman Islands,CYM,North America,0.63,280407608.399,0.0002541,199.4,1.0,77720687.298,2.0006e-05,1775330.851726045,4461.750368784117
58,Cyprus,CYP,Asia,0.56,5719652303.874,9.468e-05,199.4,3.0,5719652303.874,5.2005e-05,48681716.285479195,282698.9286755275
59,Czechia,CZE,Europe,0.54,78835798395.215,0.00013543,199.4,4.0,55691517350.418,0.00013328,678019105.7350376,9730291.023337903
59,Czechia,CZE,Europe,0.54,78835798395.215,0.00013543,199.4,5.0,23144281044.813,0.000159993,281771183.17942023,4854186.6472469205
60,Germany,DEU,Europe,0.54,357839339941.835,0.0002328,199.4,4.0,357690519236.723,0.00013328,7485630876.997165,107426717.49272296
61,Djibouti,DJI,Africa,0.45,21863454079.221,4.689e-05,199.4,1.0,21863454079.221,2.0006e-05,92158842.23420876,165437.87475099313
62,Dominica,DMA,North America,0.63,754214294.912,9.717e-05,199.4,1.0,754214294.912,2.0006e-05,6588172.547017679,16557.35395049931
63,Denmark,DNK,Northern Europe,0.27,43144847673.362,0.00013491,199.4,4.0,43097580486.852,0.00013328,522678979.4642701,3750497.986671842
64,Dominican Republic,DOM,North America,0.63,48092096498.579,0.00021636,199.4,1.0,48092096498.579,2.0006e-05,935381304.5227537,2350794.431556568
65,Algeria,DZA,Africa,0.45,2308046388759.41,1.805e-05,199.4,3.0,1391481829723.44,5.2005e-05,2257837846.9306536,10535994.059214579
65,Algeria,DZA,Africa,0.45,2308046388759.41,1.805e-05,199.4,1.0,442935393758.872,2.0006e-05,718713154.862166,1290189.5685039582
65,Algeria,DZA,Africa,0.45,2308046388759.41,1.805e-05,199.4,2.0,473629166482.551,2.2628e-05,768517299.077534,1560405.5473676275
66,Ecuador,ECU,South America,0.56,256115524422.997,6.4e-05,199.4,1.0,256087459998.589,2.0006e-05,1473351227.861795,3291392.9519082378
67,Egypt,EGY,Africa,0.45,983764732062.244,0.000102,199.4,3.0,294282607227.69,5.2005e-05,2698377889.5893974,12591733.924948711
67,Egypt,EGY,Africa,0.45,983764732062.244,0.000102,199.4,1.0,39968705879.708,2.0006e-05,366486736.1252527,657894.4057793736
67,Egypt,EGY,Africa,0.45,983764732062.244,0.000102,199.4,2.0,649239412327.44,2.2628e-05,5953098254.015798,12087232.845299447
68,Eritrea,ERI,Africa,0.45,120457523034.21,2.888e-05,199.4,1.0,120457523034.21,2.0006e-05,312729694.2232763,561393.0766658677
69,Western Sahara,ESH,Africa,0.45,267320793321.413,2.25e-06,199.4,3.0,106503668075.134,5.2005e-05,21541953.61341857,100523.55867955518
69,Western Sahara,ESH,Africa,0.45,267320793321.413,2.25e-06,199.4,1.0,160817110505.782,2.0006e-05,32527656.53400436,58391.64465564901
70,Spain,ESP,Europe,0.54,506043753073.921,9.276e-05,199.4,3.0,449130477163.757,5.2005e-05,3745167700.3898554,20971779.543359797
70,Spain,ESP,Europe,0.54,506043753073.921,9.276e-05,199.4,1.0,716391843.576,2.0006e-05,5973782.074034864,12868.518569827185
70,Spain,ESP,Europe,0.54,506043753073.921,9.276e-05,199.4,2.0,55864939144.673,2.2628e-05,465841389.7674314,1135019.0654014824
71,Estonia,EST,Europe,0.54,45489856107.819,2.922e-05,199.4,4.0,2531669969.505,0.00013328,6650056.029600974,95435.33499601296
71,Estonia,EST,Europe,0.54,45489856107.819,2.922e-05,199.4,5.0,42933475596.583,0.000159993,112775370.28991455,1942827.1210084953
72,Ethiopia,ETH,Africa,0.45,1129518182783.17,0.0001011,199.4,1.0,1129518182783.17,2.0006e-05,10265553834.86912,18428089.68092974
73,Finland,FIN,Northern Europe,0.27,336940111431.491,1.633e-05,373.98,8.0,292342851635.218,0.000230084,429157460.2249071,9970460.71938415
73,Finland,FIN,Northern Europe,0.27,336940111431.491,1.633e-05,373.98,5.0,44449942526.587,0.000159993,65252234.95341697,1054164.810036103
74,Fiji,FJI,Oceania,0.4,18963485421.274,4.827e-05,199.4,1.0,18388013713.098,2.0006e-05,79790304.15079795,127319.6776293073
75,Falkland Islands (Malvinas),FLK,South America,0.56,12397372229.571,2.1e-07,199.4,7.0,6657400133.571,0.000158663,125678.780482348,2226.64407063031
75,Falkland Islands (Malvinas),FLK,South America,0.56,12397372229.571,2.1e-07,199.4,10.0,5737354057.843,0.00024528,108310.09804399178,2966.499417916789
76,France,FRA,Europe,0.54,549516216555.732,0.00012328,199.4,3.0,226559460033.866,5.2005e-05,2510804101.572103,14059725.573637847
76,France,FRA,Europe,0.54,549516216555.732,0.00012328,199.4,4.0,300533379163.102,0.00013328,3330606636.108888,47797726.61194678
76,France,FRA,Europe,0.54,549516216555.732,0.00012328,199.4,2.0,22397038269.349,2.2628e-05,248211112.1793056,604764.520191448
77,Faroe Islands,FRO,Europe,0.54,1439614844.081,3.448e-05,199.4,4.0,1429077987.548,0.00013328,4429566.12902986,63568.9572432554
78,Micronesia (Federated States of),FSM,Oceania,0.4,774856030.611,0.00015064,199.4,,,,,
79,Gabon,GAB,Africa,0.45,264549816182.858,7.72e-06,199.4,1.0,264549816182.858,2.0006e-05,183595810.69884855,329579.8861927177
80,United Kingdom of Great Britain and Northern Ireland,GBR,Europe,0.54,245485877285.998,0.00027995,223.86,3.0,11349727692.307,5.2005e-05,285630063.531587,1795640.0213971045
80,United Kingdom of Great Britain and Northern Ireland,GBR,Europe,0.54,245485877285.998,0.00027995,223.86,4.0,234081269524.575,0.00013328,5890947315.9587755,94911837.63581315
81,Georgia,GEO,Asia,0.56,69844605183.062,5.351e-05,199.4,3.0,1031805554.831,5.2005e-05,4963303.303100546,28822.330713446
81,Georgia,GEO,Asia,0.56,69844605183.062,5.351e-05,199.4,4.0,2932365234.644,0.00013328,14105582.187323673,209927.42600980864
81,Georgia,GEO,Asia,0.56,69844605183.062,5.351e-05,199.4,5.0,65880434399.47,0.000159993,316905230.96490335,5661657.205334422
82,Guernsey,GGY,Europe,0.54,88451288.171,0.00099457,199.4,3.0,88451288.171,5.2005e-05,7908197.74053077,44283.458810787895
83,Ghana,GHA,Africa,0.45,238324256996.659,0.00012695,199.4,1.0,238324256996.659,2.0006e-05,2719812439.223162,4882439.696050917
84,Gibraltar,GIB,Europe,0.54,7208114.326,0.00495603,199.4,3.0,7208114.326,5.2005e-05,3211394.029616381,17982.812254032287
85,Guinea,GIN,Africa,0.45,244816176762.69,4.97e-05,199.4,1.0,244816176762.69,2.0006e-05,1093791396.2208722,1963506.9150698748
86,Guadeloupe,GLP,North America,0.63,1650236974.063,0.00023965,199.4,1.0,1650236974.063,2.0006e-05,35551812.720281675,89348.5928898498
87,Gambia,GMB,Africa,0.45,10670476825.809,0.00020843,199.4,1.0,10670476825.809,2.0006e-05,199931883.90208787,358905.39817834215
88,Guinea-Bissau,GNB,Africa,0.45,33882259039.253,4.442e-05,199.4,1.0,33882259039.253,2.0006e-05,135297233.18915877,242877.25600566875
89,Equatorial Guinea,GNQ,Africa,0.45,26959422338.778,4.842e-05,199.4,1.0,26938460105.145,2.0006e-05,117256129.42638054,210490.9782235431
90,Greece,GRC,Europe,0.54,132574780293.1,8.127e-05,199.4,3.0,104257185391.268,5.2005e-05,761682993.052158,4265188.928803776
90,Greece,GRC,Europe,0.54,132574780293.1,8.127e-05,199.4,4.0,749487274.557,0.00013328,5475610.226735445,78580.79600683416
90,Greece,GRC,Europe,0.54,132574780293.1,8.127e-05,199.4,5.0,27477116870.159,0.000159993,200742543.9269487,3458273.359501382
91,Grenada,GRD,North America,0.63,359530946.74,0.00031635,199.4,1.0,357276358.547,2.0006e-05,10160383.975705745,25535.01332245692
92,Greenland,GRL,North America,0.63,2150881318933.96,3e-08,199.4,7.0,86950187969.21,0.000158663,234492.94592550155,4673.8110152840045
92,Greenland,GRL,North America,0.63,2150881318933.96,3e-08,199.4,6.0,50778.593,0.000240838,0.13694302612362985,0.0041431498002702455
92,Greenland,GRL,North America,0.63,2150881318933.96,3e-08,199.4,8.0,48561606017.446,0.000230084,130964.11083017853,3785.3358778395777
92,Greenland,GRL,North America,0.63,2150881318933.96,3e-08,199.4,10.0,2012013734079.68,0.00024528,5426130.049471352,167192.98028984002
93,Guatemala,GTM,North America,0.63,109151180469.621,0.00016236,199.4,1.0,109151180469.621,2.0006e-05,1593108968.01087,4003791.4727979074
94,French Guiana,GUF,South America,0.56,83300948067.425,3.11e-06,199.4,1.0,83300948067.425,2.0006e-05,23288865.678605158,52026.161110098146
95,Guam,GUM,Oceania,0.4,549795643.99,0.00032384,199.4,,,,,
96,Guyana,GUY,South America,0.56,209744130631.412,3.64e-06,199.4,1.0,209744130631.412,2.0006e-05,68632402.69747868,153321.3549079141
97,"China, Hong Kong Special Administrative Region",HKG,Asia,0.56,1129279766.735,0.00678183,199.4,2.0,1129279766.735,2.2628e-05,688472264.0739331,1739585.5837125434
98,Heard Island and McDonald Islands,HMD,Seven seas (open ocean),0.0,363033747.421,0.0,199.4,,,,,
99,Honduras,HND,North America,0.63,112289735371.059,8.141e-05,199.4,1.0,112285344656.328,2.0006e-05,821748337.0836024,2065212.7700399328
100,Croatia,HRV,Europe,0.54,57078553752.944,7.23e-05,199.4,3.0,5270914810.783,5.2005e-05,34258023.048307896,191834.32210142803
100,Croatia,HRV,Europe,0.54,57078553752.944,7.23e-05,199.4,4.0,23201470281.9,0.00013328,150796689.41829988,2164091.927476391
100,Croatia,HRV,Europe,0.54,57078553752.944,7.23e-05,199.4,5.0,28505212471.721,0.000159993,185268072.2244621,3191688.3486999758
101,Haiti,HTI,North America,0.63,27106745843.699,0.00042132,199.4,1.0,27106745843.699,2.0006e-05,1026661939.4158587,2580200.3510229
102,Hungary,HUN,Europe,0.54,93052876845.048,0.00010496,199.4,5.0,93052876845.048,0.000159993,877994164.1212186,15125562.166249303
103,Indonesia,IDN,Asia,0.56,1890244798355.75,0.00014187,199.4,1.0,1888630886970.26,2.0006e-05,24086608816.268494,53808279.37971727
104,Isle of Man,IMN,Europe,0.54,579672905.423,0.00014565,199.4,4.0,579672905.423,0.00013328,7589820.294687737,108921.9457939702
105,India,IND,Asia,0.56,3152799738556.05,0.00041148,199.4,3.0,9405327129.434,5.2005e-05,347904975.2073181,2020314.2221863563
105,India,IND,Asia,0.56,3152799738556.05,0.00041148,199.4,1.0,1981187749702.92,2.0006e-05,73284540288.27765,163713997.60444522
105,India,IND,Asia,0.56,3152799738556.05,0.00041148,199.4,2.0,1162094598956.91,2.2628e-05,42986117024.4051,108614440.08353725
106,British Indian Ocean Territory,IOT,Seven seas (open ocean),0.0,64447674.169,0.0,199.4,,,,,
107,Ireland,IRL,Europe,0.54,70366727840.59,7.003e-05,199.4,3.0,34268882766.198,5.2005e-05,215735728.16847628,1208053.2816473118
107,Ireland,IRL,Europe,0.54,70366727840.59,7.003e-05,199.4,4.0,36087411401.953,0.00013328,227184061.69327995,3260331.4824633147
108,Iran (Islamic Republic of),IRN,Asia,0.56,1621741394393.57,5.1e-05,199.4,3.0,1399155024403.43,5.2005e-05,6414665510.688878,37250516.3344972
108,Iran (Islamic Republic of),IRN,Asia,0.56,1621741394393.57,5.1e-05,199.4,1.0,71035589206.174,2.0006e-05,325674808.1268516,727541.2324041834
108,Iran (Islamic Republic of),IRN,Asia,0.56,1621741394393.57,5.1e-05,199.4,5.0,151550775569.493,0.000159993,694810450.7420688,12413107.17026678
109,Iraq,IRQ,Asia,0.56,445359365843.328,8.968e-05,199.4,3.0,440433149865.9,5.2005e-05,3550696906.0962176,20619203.429857675
109,Iraq,IRQ,Asia,0.56,445359365843.328,8.968e-05,199.4,5.0,4926215979.339,0.000159993,39714312.698593244,709514.3994950225
110,Iceland,ISL,Northern Europe,0.27,102224497062.889,3.56e-06,199.4,7.0,75919924752.033,0.000158663,24296502.983381953,207543.1239734638
110,Iceland,ISL,Northern Europe,0.27,102224497062.889,3.56e-06,199.4,10.0,26235885416.852,0.00024528,8396218.38910137,110875.29334952477
111,Israel,ISR,Asia,0.56,22158855909.714,0.000423,199.4,3.0,22158855909.714,5.2005e-05,842608243.4061016,4893098.803402804
112,Italy,ITA,Europe,0.54,300755055505.221,0.00019997,199.4,3.0,188081141019.382,5.2005e-05,3381022805.9277053,18932680.88091398
112,Italy,ITA,Europe,0.54,300755055505.221,0.00019997,199.4,4.0,76489259013.908,0.00013328,1375001915.305714,19732731.246662013
112,Italy,ITA,Europe,0.54,300755055505.221,0.00019997,199.4,2.0,292034956.06,2.2628e-05,5249738.709662576,12790.94914004523
112,Italy,ITA,Europe,0.54,300755055505.221,0.00019997,199.4,5.0,35838695476.066,0.000159993,644250912.5717733,11098772.20940369
113,Jamaica,JAM,North America,0.63,11000033945.644,0.00024808,199.4,1.0,10999664523.662,2.0006e-05,245306578.99417034,616502.9567465119
114,Jersey,JEY,Europe,0.54,125156211.921,0.00089833,199.4,3.0,125156211.921,5.2005e-05,10107094.261291787,56596.59850470883
115,Jordan,JOR,Asia,0.56,89118913914.624,0.000123,199.4,3.0,88950733124.499,5.2005e-05,983541401.7268183,5711509.8191214325
115,Jordan,JOR,Asia,0.56,89118913914.624,0.000123,199.4,2.0,168099466.227,2.2628e-05,1858700.6406234694,4696.440230914856
116,Japan,JPN,Asia,0.56,372468104785.874,0.00033338,199.4,2.0,45235257403.152,2.2628e-05,1355671952.3069806,3425421.0482230987
116,Japan,JPN,Asia,0.56,372468104785.874,0.00033338,199.4,5.0,326508884350.402,0.000159993,9785264019.787373,174818226.80883542
117,Kazakhstan,KAZ,Asia,0.56,2730537152384.12,6.69e-06,199.4,6.0,1878074792776.02,0.000240838,1129475992.4967666,30374923.80873367
117,Kazakhstan,KAZ,Asia,0.56,2730537152384.12,6.69e-06,199.4,5.0,849774856366.217,0.000159993,511055418.55142534,9130239.29569442
118,Kenya,KEN,Africa,0.45,585983592532.487,8.175e-05,199.4,1.0,585983592532.487,2.0006e-05,4306368797.871791,7730527.907494115
119,Kyrgyzstan,KGZ,Asia,0.56,198649308015.613,3.156e-05,199.4,5.0,198649308015.613,0.000159993,563588410.5853088,10068765.276981711
120,Cambodia,KHM,Asia,0.56,181359629330.254,8.998e-05,199.4,1.0,181354290559.609,2.0006e-05,1466938228.1947868,3277066.631404733
121,Kiribati,KIR,Oceania,0.4,1012085918.496,0.00015413,199.4,,,,,
122,Saint Kitts and Nevis,KNA,North America,0.63,267120722.24,0.00020869,199.4,1.0,267120722.24,2.0006e-05,5011263.302730946,12594.275521825031
123,Republic of Korea,KOR,Asia,0.56,100229228967.398,0.00051672,199.4,2.0,1568667473.282,2.2628e-05,72865871.86441365,184112.60243065853
123,Republic of Korea,KOR,Asia,0.56,100229228967.398,0.00051672,199.4,5.0,98569671828.252,0.000159993,4578640916.246968,81799518.59797335
124,Kosovo,XKX,,,,,,,,,,
125,Kuwait,KWT,Asia,0.56,17388859170.972,0.00024807,199.4,3.0,17388859170.972,5.2005e-05,387778154.6946456,2251861.2173221204
126,Lao People's Democratic Republic,LAO,Asia,0.56,230001607297.03,2.742e-05,199.4,1.0,230001607297.03,2.0006e-05,566938988.0599958,1266513.343305604
127,Lebanon,LBN,Asia,0.56,10238058811.696,0.00067206,199.4,3.0,10238058811.696,5.2005e-05,618534132.6875741,3591881.1003830773
128,Liberia,LBR,Africa,0.45,95918085125.092,4.612e-05,199.4,1.0,95918085125.092,2.0006e-05,397674552.89875585,713880.8526578969
129,Libya,LBY,Africa,0.45,1616063665568.11,3.66e-06,199.4,3.0,892850488114.146,5.2005e-05,293763496.39372563,1370820.5206259252
129,Libya,LBY,Africa,0.45,1616063665568.11,3.66e-06,199.4,1.0,22912520005.064,2.0006e-05,7538621.614124358,13532.868991812185
129,Libya,LBY,Africa,0.45,1616063665568.11,3.66e-06,199.4,2.0,700300654164.062,2.2628e-05,230411218.26406798,467829.3430564823
130,Saint Lucia,LCA,North America,0.63,614429767.665,0.00029247,199.4,1.0,614429767.665,2.0006e-05,16154427.662893174,40599.20634643054
131,Liechtenstein,LIE,Europe,0.54,162039033.265,0.00023988,199.4,4.0,162039033.265,0.00013328,3494231.596007222,50145.91778388547
132,Sri Lanka,LKA,Asia,0.56,65837402996.421,0.00033408,199.4,1.0,65837402996.421,2.0006e-05,1977248119.8513794,4417073.40570602
133,Lesotho,LSO,Africa,0.45,30545270246.469,7.455e-05,199.4,2.0,30545270246.469,2.2628e-05,204705552.3411039,415636.29059934383
134,Lithuania,LTU,Europe,0.54,65016833987.406,4.278e-05,199.4,4.0,862731746.628,0.00013328,3317833.305496441,47614.41581267117
134,Lithuania,LTU,Europe,0.54,65016833987.406,4.278e-05,199.4,5.0,64154102241.127,0.000159993,246719351.56179506,4250334.503532564
135,Luxembourg,LUX,Europe,0.54,2581557404.8,0.00023739,199.4,4.0,2581557404.8,0.00013328,55091197.158013456,790616.9260384243
136,Latvia,LVA,Europe,0.54,64710111192.867,2.959e-05,199.4,4.0,10020673446.396,0.00013328,26655073.07689759,382528.48052914324
136,Latvia,LVA,Europe,0.54,64710111192.867,2.959e-05,199.4,5.0,54689437746.123,0.000159993,145474350.34734514,2506145.735007082
137,"China, Macao Special Administrative Region",MAC,Asia,0.56,34128735.059,0.02115805,199.4,2.0,34128735.059,2.2628e-05,64913321.80928564,164018.6318358352
138,Saint Martin (French Part),MAF,North America,0.63,56167641.486,0.00066417,199.4,1.0,56167641.486,2.0006e-05,3353539.6516715004,8428.094832594279
139,Morocco,MAR,Africa,0.45,413488424026.351,8.1e-05,199.4,3.0,413488424026.351,5.2005e-05,3010830988.2434053,14049767.767227076
140,Monaco,MCO,Europe,0.54,2354682.699,0.0189604,199.4,3.0,2354682.699,5.2005e-05,4013450.3141599926,22474.07911480969
141,Republic of Moldova,MDA,Europe,0.54,33907865554.831,7.924e-05,199.4,5.0,33907865554.831,0.000159993,241536585.2638608,4161048.8829259523
142,Madagascar,MDG,Africa,0.45,591446365985.42,4.375e-05,199.4,1.0,591445692169.037,2.0006e-05,2326113667.4344964,4175695.920654221
143,Maldives,MDV,Seven seas (open ocean),0.0,299684636.471,0.00125763,199.4,,,,,
144,Mexico,MEX,North America,0.63,1952022891812.24,6.435e-05,199.4,3.0,107692255466.07,5.2005e-05,622975585.2722756,4069882.1237947033
144,Mexico,MEX,North America,0.63,1952022891812.24,6.435e-05,199.4,1.0,1248852013973.89,2.0006e-05,7224329279.359978,18156139.062791575
144,Mexico,MEX,North America,0.63,1952022891812.24,6.435e-05,199.4,2.0,595191588107.075,2.2628e-05,3443050072.128565,9787126.736649629
145,Marshall Islands,MHL,Oceania,0.4,300282004.62,0.00030884,199.4,,,,,
146,The former Yugoslav Republic of Macedonia,MKD,Europe,0.54,24825121065.989,8.078e-05,199.4,3.0,330398156.395,5.2005e-05,2399271.8960754727,13435.179755458184
146,The former Yugoslav Republic of Macedonia,MKD,Europe,0.54,24825121065.989,8.078e-05,199.4,4.0,4140176917.119,0.00013328,30064968.37151944,431464.08322106383
146,The former Yugoslav Republic of Macedonia,MKD,Europe,0.54,24825121065.989,8.078e-05,199.4,5.0,20354545962.699,0.000159993,147809814.1301228,2546379.718417193
147,Mali,MLI,Africa,0.45,1251193295178.29,1.53e-05,199.4,3.0,5692527394.668,5.2005e-05,7829509.6348164715,36535.691485165924
147,Mali,MLI,Africa,0.45,1251193295178.29,1.53e-05,199.4,1.0,1236739988327.46,2.0006e-05,1701013799.8532012,3053555.15702612
147,Mali,MLI,Africa,0.45,1251193295178.29,1.53e-05,199.4,2.0,8760780311.503,2.2628e-05,12049588.715492453,24465.61072564207
148,Malta,MLT,Europe,0.54,323367619.979,0.00163354,199.4,3.0,323367619.979,5.2005e-05,47485859.84553588,265906.11256307556
149,Myanmar,MMR,Asia,0.56,669297389142.229,8.032e-05,199.4,1.0,587158046406.351,2.0006e-05,4239520302.658526,9470876.312291691
149,Myanmar,MMR,Asia,0.56,669297389142.229,8.032e-05,199.4,2.0,82109322932.325,2.2628e-05,592862762.8279606,1498005.9025656793
150,Montenegro,MNE,Europe,0.54,13335330743.64,4.505e-05,199.4,3.0,1311928722.388,5.2005e-05,5313039.422649046,29751.375743568624
150,Montenegro,MNE,Europe,0.54,13335330743.64,4.505e-05,199.4,4.0,11037028478.528,0.00013328,44697677.86513693,641458.9353255682
150,Montenegro,MNE,Europe,0.54,13335330743.64,4.505e-05,199.4,5.0,986373642.893,0.000159993,3994608.823422461,68816.7490828362
151,Mongolia,MNG,Asia,0.56,1566250925493.84,2.07e-06,199.4,6.0,1187131578918.83,0.000240838,220905844.45419046,5940806.390552136
151,Mongolia,MNG,Asia,0.56,1566250925493.84,2.07e-06,199.4,5.0,379119346628.655,0.000159993,70547933.27307348,1260371.1637097695
152,Northern Mariana Islands,MNP,Oceania,0.4,504132311.205,0.00012385,199.4,,,,,
153,Mozambique,MOZ,Africa,0.45,787296758089.359,3.574e-05,199.4,1.0,787290416485.095,2.0006e-05,2529458251.7210536,4540727.588272165
154,Mauritania,MRT,Africa,0.45,1041172666154.21,3.87e-06,199.4,3.0,54748237297.259,5.2005e-05,19046672.255458873,88879.5561665883
154,Mauritania,MRT,Africa,0.45,1041172666154.21,3.87e-06,199.4,1.0,986412886147.011,2.0006e-05,343168727.95362145,616035.3543653248
154,Mauritania,MRT,Africa,0.45,1041172666154.21,3.87e-06,199.4,2.0,1187.826,2.2628e-05,0.4132394691663503,0.0008390457324154157
155,Montserrat,MSR,North America,0.63,100645473.031,4.825e-05,199.4,1.0,100645473.031,2.0006e-05,436545.5503077019,1097.123540765807
156,Martinique,MTQ,North America,0.63,1117982472.333,0.00032912,199.4,1.0,1117982472.333,2.0006e-05,33077088.244125843,83129.13084794796
157,Mauritius,MUS,Seven seas (open ocean),0.0,2027409920.009,0.00062038,199.4,,,,,
158,Malawi,MWI,Africa,0.45,118028719964.833,0.00014824,199.4,1.0,118028719964.833,2.0006e-05,1572863760.7052236,2823508.1033530827
159,Malaysia,MYS,Asia,0.56,329383419226.043,9.9e-05,199.4,1.0,329377450107.629,2.0006e-05,2931345846.669245,6548480.007265228
160,Mayotte,MYT,Africa,0.45,391665883.804,0.00068588,199.4,1.0,391665883.804,2.0006e-05,24149152.039906558,43351.06967129155
161,Namibia,NAM,Africa,0.45,823855037966.408,2.93e-06,199.4,3.0,13978459641.833,5.2005e-05,3681840.2407132154,17180.971147182234
161,Namibia,NAM,Africa,0.45,823855037966.408,2.93e-06,199.4,1.0,619499832635.155,2.0006e-05,163172443.27015996,292917.1154726369
161,Namibia,NAM,Africa,0.45,823855037966.408,2.93e-06,199.4,2.0,190375968538.884,2.2628e-05,50143858.46445829,101812.61372811848
162,New Caledonia,NCL,Oceania,0.4,18827032556.838,1.394e-05,199.4,1.0,18604731110.636,2.0006e-05,23314396.290569846,37202.282300205836
163,Niger,NER,Africa,0.45,1183670400444.68,1.881e-05,199.4,1.0,1060022513132.59,2.0006e-05,1792428692.8083088,3217657.5398734254
163,Niger,NER,Africa,0.45,1183670400444.68,1.881e-05,199.4,2.0,123647887366.396,2.2628e-05,209080484.96601716,424519.1994752643
164,Norfolk Island,NFK,Oceania,0.4,40634139.512,4.994e-05,199.4,,,,,
165,Nigeria,NGA,Africa,0.45,908410085797.986,0.00021755,199.4,1.0,908410085797.986,2.0006e-05,17765565567.04781,31891648.59181399
166,Nicaragua,NIC,North America,0.63,128219798438.22,5.266e-05,199.4,1.0,128174805975.447,2.0006e-05,606766403.8338311,1524921.5229033653
167,Niue,NIU,Oceania,0.4,266669621.092,6.18e-06,199.4,,,,,
168,Netherlands,NLD,Europe,0.54,37665827181.662,0.000424,199.4,4.0,37665827181.662,0.00013328,1435659234.6040661,20603227.910363913
169,Norway,NOR,Northern Europe,0.27,325122946620.372,1.664e-05,199.4,7.0,77030866678.203,0.000158663,115227491.89318222,984284.5964908983
169,Norway,NOR,Northern Europe,0.27,325122946620.372,1.664e-05,199.4,8.0,115221374984.223,0.000230084,172355195.05939418,2135009.025825058
169,Norway,NOR,Northern Europe,0.27,325122946620.372,1.664e-05,199.4,4.0,79989077751.667,0.00013328,119652565.33692096,858570.4094245477
169,Norway,NOR,Northern Europe,0.27,325122946620.372,1.664e-05,199.4,5.0,52755952722.468,0.000159993,78915587.6960347,679755.4450587861
170,Nepal,NPL,Asia,0.56,147662662426.617,0.00020072,199.4,2.0,147662662426.617,2.2628e-05,2664399514.0222926,6732226.155948894
171,Nauru,NRU,Oceania,0.4,22151003.861,0.00053333,199.4,,,,,
172,New Zealand,NZL,Oceania,0.4,268709441571.548,1.9e-05,199.4,3.0,189137378895.172,5.2005e-05,323049423.1830672,1339982.7757502003
172,New Zealand,NZL,Oceania,0.4,268709441571.548,1.9e-05,199.4,4.0,21721407414.208,0.00013328,37100483.13492524,394393.4508036934
172,New Zealand,NZL,Oceania,0.4,268709441571.548,1.9e-05,199.4,2.0,56156148855.173,2.2628e-05,95915527.65411182,173109.23440623764
173,Oman,OMN,Asia,0.56,309333049880.472,1.501e-05,199.4,3.0,208068685.006,5.2005e-05,280753.654102463,1630.3607040284248
173,Oman,OMN,Asia,0.56,309333049880.472,1.501e-05,199.4,1.0,309028148612.738,2.0006e-05,416981449.8565379,931515.7032353097
174,Pakistan,PAK,Asia,0.56,874177251368.461,0.000278,199.4,3.0,266250767003.583,5.2005e-05,6653860112.571365,38639540.03490685
174,Pakistan,PAK,Asia,0.56,874177251368.461,0.000278,199.4,1.0,48862053142.809,2.0006e-05,1221109220.0192754,2727896.9225243134
174,Pakistan,PAK,Asia,0.56,874177251368.461,0.000278,199.4,2.0,559064436442.812,2.2628e-05,13971552442.340778,35302382.50552063
175,Panama,PAN,North America,0.63,75103879753.517,5.607e-05,199.4,1.0,75055916768.948,2.0006e-05,378314940.4921135,950778.7371667327
176,Pitcairn,PCN,Oceania,0.4,54193772.281,1.19e-06,199.4,,,,,
177,Peru,PER,South America,0.56,1292817412771.31,2.502e-05,199.4,1.0,1291278769022.25,2.0006e-05,2904325705.0082417,6488118.362233952
177,Peru,PER,South America,0.56,1292817412771.31,2.502e-05,199.4,2.0,1538643749.052,2.2628e-05,3460695.473685879,8744.25342862718
178,Philippines,PHL,Asia,0.56,295856827111.598,0.000367,199.4,1.0,295488969688.374,2.0006e-05,9748669356.374622,21778039.75269438
179,Palau,PLW,Oceania,0.4,487505709.717,4.032e-05,199.4,,,,,
180,Papua New Guinea,PNG,Oceania,0.4,463631296569.137,1.93e-05,199.4,1.0,462691712050.901,2.0006e-05,802762417.3334025,1280950.778112683
181,Poland,POL,Europe,0.54,312400045342.679,0.00012276,199.4,4.0,121669177515.577,0.00013328,1342689073.5724177,19269007.804067902
181,Poland,POL,Europe,0.54,312400045342.679,0.00012276,199.4,5.0,190730868002.132,0.000159993,2104824390.9321969,36260664.90538462
182,Puerto Rico,PRI,North America,0.63,8970473735.613,0.00035096,199.4,1.0,8970473735.613,2.0006e-05,283016009.4940257,711274.061116038
183,Democratic People's Republic of Korea,PRK,Asia,0.56,122755117160.758,0.00021196,199.4,6.0,25053797431.834,0.000240838,477381379.69659245,12838186.143238159
183,Democratic People's Republic of Korea,PRK,Asia,0.56,122755117160.758,0.00021196,199.4,5.0,97701319726.67,0.000159993,1861625605.3077464,33258794.71864234
184,Portugal,PRT,Europe,0.54,91878028052.84,0.00011159,199.4,3.0,88766624376.953,5.2005e-05,890457067.3849851,4986283.874038714
184,Portugal,PRT,Europe,0.54,91878028052.84,0.00011159,199.4,1.0,748825049.572,2.0006e-05,7511793.563250824,16181.650713634217
185,Paraguay,PRY,South America,0.56,399586142243.815,1.71e-05,199.4,1.0,291241268720.641,2.0006e-05,447699930.99834824,1000139.2536905614
185,Paraguay,PRY,South America,0.56,399586142243.815,1.71e-05,199.4,2.0,108344873525.633,2.2628e-05,166549172.83710116,420825.2897978138
186,State of Palestine,PSE,Asia,0.56,6219974349.577,0.00082669,199.4,3.0,6219974349.577,5.2005e-05,462241869.2496653,2684278.4354509604
187,French Polynesia,PYF,Oceania,0.4,4053379493.296,7.969e-05,199.4,,,,,
188,Qatar,QAT,Asia,0.56,11624979242.964,0.00023684,199.4,3.0,11624979242.964,5.2005e-05,247505720.63254896,1437287.084407017
189,Réunion,REU,Seven seas (open ocean),0.0,2512652067.423,0.00034096,199.4,,,,,
190,Romania,ROU,Europe,0.54,238338605440.778,8.14e-05,199.4,5.0,238338605440.778,0.000159993,1744041446.4360878,30045310.545984853
191,Russian Federation,RUS,Europe,0.54,16925824290570.9,8.58e-06,199.4,7.0,3725017783.478,0.000158663,2873119.1780613274,49084.934582624206
191,Russian Federation,RUS,Europe,0.54,16925824290570.9,8.58e-06,199.4,6.0,3109377520893.04,0.000240838,2398273701.3323417,62193166.77849488
191,Russian Federation,RUS,Europe,0.54,16925824290570.9,8.58e-06,199.4,8.0,1680290332575.0,0.000230084,1296013780.2952292,32108125.520329688
191,Russian Federation,RUS,Europe,0.54,16925824290570.9,8.58e-06,199.4,10.0,514159775455.743,0.00024528,396573223.8921875,10473803.91884235
191,Russian Federation,RUS,Europe,0.54,16925824290570.9,8.58e-06,199.4,9.0,8825251879747.71,0.000385013,6806947483.415868,282193306.0147545
191,Russian Federation,RUS,Europe,0.54,16925824290570.9,8.58e-06,199.4,4.0,889410176.15,0.00013328,686005.1636783173,9844.899398323307
191,Russian Federation,RUS,Europe,0.54,16925824290570.9,8.58e-06,199.4,5.0,2751341478384.51,0.000159993,2122119255.9143727,36558610.570782766
192,Rwanda,RWA,Africa,0.45,25277679515.2,0.00046983,199.4,1.0,25277679515.2,2.0006e-05,1067618154.8814557,1916522.3250124857
193,Saudi Arabia,SAU,Asia,0.56,1915986274315.94,1.592e-05,199.4,3.0,501662606177.963,5.2005e-05,717947679.5786669,4169184.148557021
193,Saudi Arabia,SAU,Asia,0.56,1915986274315.94,1.592e-05,199.4,1.0,1146049813737.95,2.0006e-05,1640153749.3963382,3664021.4422214907
193,Saudi Arabia,SAU,Asia,0.56,1915986274315.94,1.592e-05,199.4,2.0,268244915177.086,2.2628e-05,383895096.1033881,970000.4047914414
194,Serbia and Montenegro,SCG,,,,,,,,,,
195,Sudan,SDN,Africa,0.45,1872131596204.64,2.217e-05,199.4,1.0,1749907791276.75,2.0006e-05,3487537296.0598617,6260612.051838481
195,Sudan,SDN,Africa,0.45,1872131596204.64,2.217e-05,199.4,2.0,122220962367.339,2.2628e-05,243584357.26800624,494576.22201764974
196,Senegal,SEN,Africa,0.45,196889776391.687,8.24e-05,199.4,1.0,196797363772.997,2.0006e-05,1457754836.3906724,2616871.655435517
197,Singapore,SGP,Asia,0.56,697025420.937,0.00789426,199.4,1.0,697025420.937,2.0006e-05,494650037.1922466,1105023.442671219
198,South Georgia and the South Sandwich Islands,SGS,Seven seas (open ocean),0.0,4096707696.273,0.0,199.4,,,,,
199,Saint Helena,SHN,Seven seas (open ocean),0.0,411227101.441,1.43e-05,199.4,,,,,
200,Svalbard and Jan Mayen Islands,SJM,Northern Europe,0.27,60343330713.545,4e-08,199.4,,,,,
201,Solomon Islands,SLB,Oceania,0.4,28532828606.674,2.406e-05,199.4,1.0,28236689157.665,2.0006e-05,61072739.13816937,97452.46044324976
202,Sierra Leone,SLE,Africa,0.45,72601124684.343,0.00011014,199.4,1.0,72599417372.761,2.0006e-05,718813475.742683,1290369.6583668895
203,El Salvador,SLV,North America,0.63,20422746175.634,0.00031867,199.4,1.0,20422746175.634,2.0006e-05,585050456.946758,1470345.1413023283
204,San Marino,SMR,Europe,0.54,61215624.747,0.00056789,199.4,3.0,61215624.747,5.2005e-05,3125104.25456772,17499.616230799937
205,Somalia,SOM,Africa,0.45,633538456828.473,2.381e-05,199.4,1.0,633528624930.815,2.0006e-05,1356012336.85146,2434229.7896355446
206,Saint Pierre and Miquelon,SPM,North America,0.63,226656920.353,2.478e-05,199.4,7.0,213282268.191,0.000158663,475109.87316070346,9469.68255221698
207,Serbia,SRB,Europe,0.54,78231641213.998,8.908e-05,199.4,4.0,447981962.968,0.00013328,3587391.208983631,51482.85672589254
207,Serbia,SRB,Europe,0.54,78231641213.998,8.908e-05,199.4,5.0,77783659218.591,0.000159993,622883147.8719249,10730661.04588037
208,South Sudan,SSD,Africa,0.45,628098785342.969,1.983e-05,199.4,1.0,628098785342.969,2.0006e-05,1119666464.0196197,2009956.2423605088
209,Sao Tome and Principe,STP,Africa,0.45,1002233997.002,0.00020158,199.4,1.0,1002233997.002,2.0006e-05,18161619.56138472,32602.62031760048
210,Suriname,SUR,South America,0.56,146425550124.225,3.47e-06,199.4,1.0,146425550124.225,2.0006e-05,45675608.51041127,102037.02490102354
211,Slovakia,SVK,Europe,0.54,49099270056.491,0.00011115,199.4,5.0,49099270056.491,0.000159993,490594308.4027484,8451667.463622635
212,Slovenia,SVN,Europe,0.54,19980929350.05,0.00010281,199.4,4.0,11186385831.545,0.00013328,103386338.9159166,1483703.2717518124
212,Slovenia,SVN,Europe,0.54,19980929350.05,0.00010281,199.4,5.0,8794543535.8,0.000159993,81280555.87346247,1400253.157721012
213,Sweden,SWE,Northern Europe,0.27,450047320257.641,2.305e-05,199.4,7.0,2868764028.367,0.000158663,5944341.603941495,50777.15205728435
213,Sweden,SWE,Northern Europe,0.27,450047320257.641,2.305e-05,199.4,8.0,282973671736.454,0.000230084,586347344.3929762,7263238.407848186
213,Sweden,SWE,Northern Europe,0.27,450047320257.641,2.305e-05,199.4,4.0,116186814799.318,0.00013328,240749713.1906578,1727506.462071351
213,Sweden,SWE,Northern Europe,0.27,450047320257.641,2.305e-05,199.4,5.0,47897255985.886,0.000159993,99247497.75728647,854888.4824735966
214,Eswatini,SWZ,Africa,0.45,17383293755.62,6.676e-05,199.4,1.0,15013208324.732,2.0006e-05,90100632.92113012,161743.10421901222
214,Eswatini,SWZ,Africa,0.45,17383293755.62,6.676e-05,199.4,2.0,2370087255.763,2.2628e-05,14223899.196200803,28880.35342547372
215,Sint Maarten (Dutch part),SXM,North America,0.63,38007286.414,0.001261,199.4,1.0,38007286.414,2.0006e-05,4308439.044598933,10827.942001590109
216,Seychelles,SYC,Seven seas (open ocean),0.0,491200155.088,0.00021266,199.4,,,,,
217,Syrian Arab Republic,SYR,Asia,0.56,186918217361.21,9.218e-05,199.4,3.0,186918217361.21,5.2005e-05,1548910547.1810246,8994657.249438643
218,Turks and Caicos Islands,TCA,North America,0.63,991451164.328,7.628e-05,199.4,1.0,989538691.709,2.0006e-05,6785493.944598653,17053.260850089293
219,Chad,TCD,Africa,0.45,1269957709848.84,1.196e-05,199.4,1.0,1165355027925.76,2.0006e-05,1252931813.6280956,2249185.9861668022
219,Chad,TCD,Africa,0.45,1269957709848.84,1.196e-05,199.4,2.0,104602683092.765,2.2628e-05,112463606.6238625,228347.2810091436
220,Togo,TGO,Africa,0.45,56995317961.792,0.00013318,199.4,1.0,56995317961.792,2.0006e-05,682364137.935249,1224938.0531431795
221,Thailand,THA,Asia,0.56,514054565640.585,0.00013,199.4,1.0,513960534821.496,2.0006e-05,6006356801.480456,13417900.680565558
222,Tajikistan,TJK,Asia,0.56,142113171253.997,6.378e-05,199.4,3.0,72810803020.259,5.2005e-05,417463335.2756033,2424245.6233805297
222,Tajikistan,TJK,Asia,0.56,142113171253.997,6.378e-05,199.4,5.0,69302368427.198,0.000159993,397347600.43872714,7098797.006905218
223,Tokelau,TKL,Oceania,0.4,15667167.513,0.00014,199.4,,,,,
224,Turkmenistan,TKM,Asia,0.56,489592927749.369,1.191e-05,199.4,3.0,59888107333.049,5.2005e-05,64119533.26199444,372347.6644505129
224,Turkmenistan,TKM,Asia,0.56,489592927749.369,1.191e-05,199.4,5.0,429684655557.974,0.000159993,460044252.37553185,8218901.430892043
225,Timor-Leste,TLS,Asia,0.56,14915478280.366,7.824e-05,199.4,1.0,14915478280.366,2.0006e-05,104906893.90547515,234356.75396162595
226,Tonga,TON,Oceania,0.4,763417308.666,0.00013889,199.4,1.0,50628012.95,2.0006e-05,632120.4828951613,1008.6611018926557
227,Trinidad and Tobago,TTO,North America,0.63,5159132796.855,0.00026459,199.4,1.0,5158350034.026,2.0006e-05,122693692.85337667,308353.01983503945
228,Tunisia,TUN,Africa,0.45,154864908080.705,7.165e-05,199.4,3.0,154855712282.297,5.2005e-05,997427706.021266,4654405.275127293
229,Turkey,TUR,Asia,0.56,780704463907.692,0.00010612,199.4,3.0,364552510443.907,5.2005e-05,3477725801.2103295,20195453.924919546
229,Turkey,TUR,Asia,0.56,780704463907.692,0.00010612,199.4,4.0,53395420538.778,0.00013328,509376911.0191238,7580841.568891019
229,Turkey,TUR,Asia,0.56,780704463907.692,0.00010612,199.4,5.0,362756532899.673,0.000159993,3460592693.4548197,61825074.63815259
230,Tuvalu,TUV,Oceania,0.4,41726276.739,0.00039615,199.4,,,,,
231,Taiwan,TWN,Asia,0.56,36406335788.559,0.00065211,199.4,1.0,15775618958.523,2.0006e-05,924794569.2114481,2065944.813093202
231,Taiwan,TWN,Asia,0.56,36406335788.559,0.00065211,199.4,2.0,20553458731.371,2.2628e-05,1204879951.985296,3044409.926080624
232,United Republic of Tanzania,TZA,Africa,0.45,940576323954.346,5.914e-05,199.4,1.0,932374707997.143,2.0006e-05,4956895999.869344,8898314.255033934
233,Uganda,UGA,Africa,0.45,241439720871.17,0.00016562,199.4,1.0,239713450065.621,2.0006e-05,3568972368.503066,6406799.275859358
234,Ukraine,UKR,Europe,0.54,601362608408.376,6.949e-05,199.4,5.0,601362541251.343,0.000159993,3756614988.3834686,64716732.59734012
235,United States Minor Outlying Islands,UMI,North America,0.63,47267543.1,0.0,199.4,,,,,
236,Uruguay,URY,South America,0.56,177465605211.045,1.997e-05,199.4,3.0,42832935889.953,5.2005e-05,76894258.0553161,446531.594039576
236,Uruguay,URY,South America,0.56,177465605211.045,1.997e-05,199.4,2.0,134632669038.385,2.2628e-05,241694363.94253436,610697.1233540569
237,United States of America,USA,North America,0.63,9472983866199.2,3.4e-05,214.88,7.0,98281054962.351,0.000158663,300390870.50172406,6452067.999873425
237,United States of America,USA,North America,0.63,9472983866199.2,3.4e-05,214.88,6.0,148604350472.815,0.000240838,454201373.9674693,14808463.541051485
237,United States of America,USA,North America,0.63,9472983866199.2,3.4e-05,214.88,3.0,1340664084061.65,5.2005e-05,4097669193.884302,28848188.0406123
237,United States of America,USA,North America,0.63,9472983866199.2,3.4e-05,214.88,1.0,37376118514.463,2.0006e-05,114238138.57956752,309391.1788633201
237,United States of America,USA,North America,0.63,9472983866199.2,3.4e-05,214.88,8.0,815479627306.549,0.000230084,2492470550.0655723,77634185.20678282
237,United States of America,USA,North America,0.63,9472983866199.2,3.4e-05,214.88,10.0,127723686391.65,0.00024528,390380723.4626693,12962448.587268462
237,United States of America,USA,North America,0.63,9472983866199.2,3.4e-05,214.88,9.0,395319094337.76,0.000385013,1208272000.3317337,62976228.77471974
237,United States of America,USA,North America,0.63,9472983866199.2,3.4e-05,214.88,4.0,186106305017.705,0.00013328,568824123.7494189,10263123.035776012
237,United States of America,USA,North America,0.63,9472983866199.2,3.4e-05,214.88,2.0,1672279879698.55,2.2628e-05,5111235415.387012,15657001.716112215
237,United States of America,USA,North America,0.63,9472983866199.2,3.4e-05,214.88,5.0,4611642107369.82,0.000159993,14095241322.001451,305288216.9475268
238,Uzbekistan,UZB,Asia,0.56,447554554052.37,7.299e-05,199.4,6.0,4958927782.519,0.000240838,32537872.278514393,875038.8657428782
238,Uzbekistan,UZB,Asia,0.56,447554554052.37,7.299e-05,199.4,3.0,31527665359.852,5.2005e-05,206867934.70452732,1201299.953669314
238,Uzbekistan,UZB,Asia,0.56,447554554052.37,7.299e-05,199.4,5.0,403331859531.368,0.000159993,2646451230.354669,47280064.23650051
239,Holy See,VAT,Europe,0.54,526709.274,0.00092449,199.4,3.0,526709.274,5.2005e-05,43773.49122704552,245.1179977231012
240,Saint Vincent and the Grenadines,VCT,North America,0.63,397945400.507,0.00028411,199.4,1.0,390594002.12,2.0006e-05,9975854.19532257,25071.25423503059
241,Venezuela (Bolivarian Republic of),VEN,South America,0.56,912492682305.999,3.516e-05,199.4,1.0,912307673862.247,2.0006e-05,2883554719.135299,6441717.018675427
242,British Virgin Islands,VGB,North America,0.63,169356711.229,0.00021328,199.4,1.0,129114067.801,2.0006e-05,2475492.9785485533,6221.393437298236
243,United States Virgin Islands,VIR,North America,0.63,362159803.727,0.00029804,199.4,1.0,362159803.727,2.0006e-05,9703151.306475183,24385.899044081045
244,Viet Nam,VNM,Asia,0.56,329276303104.728,0.00029048,199.4,3.0,127385649.063,5.2005e-05,3326402.0753504294,19316.70398658709
244,Viet Nam,VNM,Asia,0.56,329276303104.728,0.00029048,199.4,1.0,274997511117.946,2.0006e-05,7180968173.632631,16041923.73659113
244,Viet Nam,VNM,Asia,0.56,329276303104.728,0.00029048,199.4,2.0,54024765146.112,2.2628e-05,1410740473.7049294,3564564.498059954
245,Vanuatu,VUT,Oceania,0.4,12318983515.845,2.479e-05,199.4,1.0,11902726910.04,2.0006e-05,26525342.42250624,42325.92020025167
246,Wallis and Futuna Islands,WLF,Oceania,0.4,155741076.92,8.169e-05,199.4,,,,,
247,Samoa,WSM,Oceania,0.4,2853359742.763,7.04e-05,199.4,,,,,
248,Yemen,YEM,Asia,0.56,452209429726.802,6.355e-05,199.4,1.0,452162125427.377,2.0006e-05,2583138779.1699114,5770602.834396404
249,South Africa,ZAF,Africa,0.45,1219709417585.52,4.814e-05,199.4,3.0,168376502540.879,5.2005e-05,728661079.6935482,3400230.3652003133
249,South Africa,ZAF,Africa,0.45,1219709417585.52,4.814e-05,199.4,1.0,145886510027.806,2.0006e-05,631334065.6531125,1133332.0118553422
249,South Africa,ZAF,Africa,0.45,1219709417585.52,4.814e-05,199.4,2.0,905446399832.514,2.2628e-05,3918382561.4053025,7955924.860591268
250,Zambia,ZMB,Africa,0.45,750491603335.691,2.18e-05,199.4,1.0,750491603335.691,2.0006e-05,1470755001.7237802,2640208.751171324
251,Zimbabwe,ZWE,Africa,0.45,390680716612.644,3.88e-05,199.4,1.0,390680716612.644,2.0006e-05,1362673166.7194538,2446186.9009742304
